Country,City,Latitude,Longitude,Temperature,Humidity %,Wind Speed,Cloudiness %
RU,aykhal,66,111.5,-25.75,37,2.73,68
CU,mantua,22.29,-84.28,80.41,67,7.09,12
NZ,ahipara,-35.17,173.17,70.29,71,8.55,0
JP,hasaki,35.73,140.83,32,100,1.12,20
,rungata,,,,,,
RU,khandyga,62.67,135.6,-39.07,81,2.73,56
ID,bengkulu,-3.8,102.27,79.11,100,4.29,56
RU,yerbogachen,61.28,108.01,-12.43,77,2.95,68
PG,kavieng,-2.57,150.8,78.75,100,7.43,88
,mahaicony,,,,,,
MU,cap malheureux,-19.98,57.61,77,78,11.41,40
CN,dali,25.7,100.18,30.64,100,1.95,0
MX,maneadero,31.72,-116.57,60.66,34,4.74,20
NZ,tuatapere,-46.13,167.68,62.19,91,3.51,48
,olafsvik,,,,,,
RU,nizhniy kuranakh,58.84,125.49,-20.71,85,2.73,48
PH,pasil,17.38,121.13,63.76,98,1.83,92
,mys shmidta,,,,,,
,saleaula,,,,,,
IT,mazara del vallo,37.66,12.59,44.6,100,2.24,20
US,atchison,39.56,-95.12,48.2,26,24.16,1
BB,bathsheba,13.22,-59.52,80.6,94,6.93,40
LK,hambantota,6.12,81.12,76.14,100,4.29,68
AI,the valley,18.22,-63.06,80.6,78,12.75,20
RU,priyutnoye,46.1,43.51,37.4,100,17.9,76
US,sitka,57.05,-135.33,48.2,87,24.16,90
TH,nong kung si,16.65,103.3,64.4,93,3.36,0
GH,axim,4.87,-2.24,83.83,96,7.99,20
IN,kavaratti,10.57,72.64,76.81,100,7.76,88
NA,opuwo,-18.06,13.84,75.28,32,1.39,80
GB,inverness,57.48,-4.22,51.8,93,19.46,40
,ombessa,,,,,,
SA,mecca,21.43,39.83,78.8,61,2.62,0
AE,abu dhabi,24.47,54.37,66.2,52,2.84,0
MG,ambilobe,-13.2,49.05,77.76,62,10.78,68
CL,punta arenas,-53.15,-70.92,53.6,62,34.45,75
BR,porangatu,-13.44,-49.15,82.53,75,2.95,44
GL,qaanaaq,77.48,-69.36,4.36,95,5.19,44
CA,hay river,60.82,-115.8,6.8,84,3.36,40
IT,carbonia,39.17,8.52,42.8,93,5.82,32
MX,texistepec,17.88,-94.78,80.6,83,11.41,64
RU,krasnoarmeysk,51.02,45.7,32,98,6.71,90
RU,priargunsk,50.37,119.1,-19.94,54,3.06,36
IT,porto torres,40.84,8.4,41,93,2.24,20
NO,berlevag,70.86,29.09,23,85,14.99,40
FR,marseille,43.3,5.38,44.6,80,4.85,0
GL,qasigiannguit,68.82,-51.19,21.2,34,23.04,40
CN,zhuhai,22.28,113.57,64.4,72,10.29,40
,longlac,,,,,,
ZA,middelburg,-25.78,29.46,57.19,100,5.64,92
NA,oranjemund,-28.55,16.43,61.74,96,6.2,0
AU,carnarvon,-24.87,113.63,72.36,97,20.29,0
,kachikau,,,,,,
CA,goderich,43.75,-81.72,38.52,86,26.78,92
GB,falmouth,50.15,-5.07,51.8,76,11.41,90
NP,jumla,29.27,82.18,30.91,100,1.72,92
RU,beringovskiy,63.05,179.32,25.56,96,20.74,88
,buariki,,,,,,
AU,nelson bay,-32.72,152.15,66.2,77,10.29,75
PG,namatanai,-3.67,152.43,79.33,100,18.28,64
,samusu,,,,,,
BR,salinopolis,-0.61,-47.36,83.38,90,16.82,0
ZA,kruisfontein,-34,24.73,64.21,89,16.37,64
NC,pouebo,-20.4,164.57,73.44,100,10.56,92
PG,lorengau,-2.02,147.27,82.08,100,13.02,64
RU,inzhavino,52.32,42.49,20.56,81,2.84,80
CA,ucluelet,48.93,-125.55,46.4,75,3.36,20
RU,yar-sale,66.83,70.83,25.02,95,18.28,88
RU,kargasok,59.06,80.86,18.9,84,5.08,32
NO,skjervoy,70.03,20.97,15.8,100,3.36,0
,raudeberg,,,,,,
MY,miri,4.41,114.01,75.2,94,2.24,75
RU,cherskiy,68.75,161.3,7.02,86,2.17,80
RU,vostok,46.49,135.88,-16.61,69,2.17,32
IN,ladnun,27.65,74.38,55.03,68,4.41,32
VU,sola,-13.88,167.55,80.6,94,4.97,90
RU,kanashevo,55.22,62.06,26.6,63,13.42,0
RU,petrozavodsk,61.78,34.35,23,85,6.87,76
AU,broken hill,-31.95,141.43,56.25,66,6.08,32
CD,manono,-7.3,27.42,73.53,91,2.95,32
US,lahaina,20.88,-156.68,78.8,49,23.04,20
CA,moosomin,50.13,-101.67,6.75,82,14.47,32
MR,nouadhibou,20.93,-17.03,73.4,46,11.41,0
TH,sa kaeo,13.81,102.07,73.84,66,10.67,0
RU,litovko,49.24,135.17,-32.59,57,1.28,0
US,big spring,32.25,-101.48,46.4,20,12.75,1
,anthia,,,,,,
BR,oeiras do para,-2,-49.85,89.64,55,9.33,8
UA,borova,50.18,30.1,32,92,6.71,75
BR,porto seguro,-16.45,-39.06,80.6,83,17.22,0
CN,hohhot,40.81,111.65,3.2,71,4.47,0
ZA,bredasdorp,-34.53,20.04,68,77,16.11,88
PT,vila franca do campo,37.72,-25.43,66.2,93,11.41,40
RU,pevek,69.7,170.31,2.34,78,5.97,0
EG,abnub,27.27,31.15,57.2,76,6.93,0
US,kapaa,22.08,-159.32,75.2,60,20.8,40
,karakendzha,,,,,,
NC,vao,-22.67,167.48,74.34,100,11.34,76
AR,punta alta,-38.88,-62.07,79.69,50,6.76,44
IS,hofn,64.25,-15.21,34.65,100,23.09,76
,gazni,,,,,,
US,bethel,41.37,-73.41,59,87,18.34,90
GL,nanortalik,60.14,-45.24,21.46,96,3.85,44
MX,guerrero negro,27.98,-114.06,72.81,57,3.29,48
RU,oktyabrskiy,54.48,53.47,24.43,90,15.82,92
US,kahului,20.89,-156.47,78.8,47,25.28,40
BR,pauini,-7.71,-66.98,83.79,79,3.85,56
US,portland,45.52,-122.68,51.8,61,3.36,20
,bolungarvik,,,,,,
YE,sayyan,15.17,44.32,33.12,73,2.39,0
IR,esfahan,32.66,51.68,21.2,48,6.93,0
AU,codrington,-38.27,141.97,59.71,98,6.08,20
RU,lavrentiya,65.58,-171,26.23,100,26.78,88
US,barrow,71.29,-156.79,1.4,84,9.17,75
US,bryan,30.67,-96.37,57.2,50,19.46,90
RU,tiksi,71.69,128.87,-8.47,65,2.95,64
NA,aranos,-24.13,19.12,69.61,63,12.12,24
AU,emerald,-23.53,148.17,65.29,49,3.62,0
IT,pachino,36.72,15.09,39.2,86,6.93,0
,marzuq,,,,,,
US,saint anthony,45.02,-93.22,21.2,67,12.75,40
RU,zapolyarnyy,69.42,30.81,-2.21,84,4.7,48
BR,touros,-5.2,-35.46,81.04,79,12.24,0
JP,katsuura,35.13,140.3,44.6,52,9.17,20
CA,saint-raymond,45.47,-73.61,50,81,21.92,90
AR,presidencia roque saenz pena,-26.79,-60.44,89.64,40,11.01,44
VN,ca mau,9.18,105.15,80.14,87,16.6,24
CL,antofagasta,-23.65,-70.4,66.2,59,16.11,40
RU,evensk,61.95,159.23,19.98,100,9.66,76
RU,tyrma,50.08,132.17,-26.47,39,2.39,44
CM,dibombari,4.18,9.66,78.8,94,1.12,40
MR,atar,20.52,-13.05,71.64,24,11.79,0
CO,puerto carreno,6.19,-67.49,93.2,49,9.17,20
GL,paamiut,61.99,-49.67,26.64,98,14.25,64
RU,chulman,56.85,124.91,-23.81,64,2.95,36
IN,khamgaon,20.68,76.57,69.84,69,10.78,76
CA,iqaluit,63.75,-68.51,14,78,4.7,90
CG,gamboma,-1.88,15.86,69.12,98,3.74,92
US,lincoln,40.8,-96.67,46.4,28,16.11,1
ZM,serenje,-13.23,30.24,66.42,83,8.88,0
PF,atuona,-9.8,-139.03,78.34,100,15.26,8
CA,yellowknife,62.46,-114.35,-0.41,84,5.82,75
,mataura,,,,,,
PH,lubao,14.92,120.55,78.8,73,8.05,75
RO,cuca,45.73,27.88,27,90,4.52,0
,mocuba,,,,,,
US,eureka,40.8,-124.16,60.8,44,3.36,1
RU,iskateley,67.68,53.15,19.62,88,10.22,76
RU,ust-kuyga,70.02,135.6,-16.48,72,4.63,64
RU,provideniya,64.38,-173.3,21.2,57,11.18,75
UZ,komsomolskiy,40.43,71.72,26.6,79,2.24,75
BR,arraial do cabo,-22.97,-42.03,75.2,78,10.29,75
TR,sinop,41.77,34.87,43.38,100,9.55,92
AR,moron,-34.65,-58.62,78.8,69,17.22,0
ES,los llanos de aridane,28.66,-17.92,68,64,9.17,0
AR,rio gallegos,-51.62,-69.22,71.6,28,27.51,40
FR,limoux,43.05,2.22,35.6,93,10.29,75
JP,nemuro,43.32,145.57,33.39,100,24.09,0
IN,zafarabad,25.7,82.73,57.06,88,2.84,8
KM,moroni,-11.7,43.26,82.93,100,8.77,20
GH,anloga,5.79,0.9,82.4,88,11.41,20
NO,rognan,67.1,15.39,37.4,99,11.41,40
CA,norman wells,65.28,-126.83,1.4,77,2.24,20
VE,barinas,8.62,-70.21,92.61,44,11.79,0
TR,kumluca,36.37,30.29,21.91,83,1.39,8
RU,saskylakh,71.92,114.08,-22.42,33,4.41,32
,chagda,,,,,,
AR,santiago del estero,-27.8,-64.26,84.73,53,7.43,92
GL,qaqortoq,60.72,-46.03,15.8,56,3.36,76
US,mayo,38.89,-76.51,64.4,87,9.17,90
NZ,te anau,-45.42,167.72,63.18,81,2.62,36
BA,bijeljina,44.76,19.22,33.8,93,1.12,75
NZ,bluff,-46.6,168.33,61.24,99,6.76,64
,sakakah,,,,,,
CA,flin flon,54.77,-101.86,-2.21,70,8.05,40
,avera,,,,,,
US,phenix city,32.47,-85,78.8,69,8.05,1
,belushya guba,,,,,,
IN,kangayam,11,77.57,71.6,94,3.4,20
TO,vaini,-21.2,-175.2,82.4,74,5.86,75
IS,husavik,66.04,-17.34,32,100,6.93,90
ES,muros,42.78,-9.06,41,80,3.36,0
,wulanhaote,,,,,,
ES,aras,42.56,-2.36,32,100,2.39,20
,bolshaya glushitsa,,,,,,
PG,kimbe,-5.55,150.14,75.01,100,3.18,92
MU,bambous virieux,-20.34,57.76,77,78,11.41,40
ES,teguise,29.06,-13.56,62.6,45,10.29,0
IR,ilam,33.64,46.42,42.8,48,4.7,0
,louisbourg,,,,,,
GR,kokkarion,37.78,26.89,41,60,14.99,0
US,westport,41.14,-73.36,59,87,18.34,90
PT,ponta do sol,32.67,-17.1,64.4,77,4.7,40
,qurayyat,,,,,,
BR,pombal,-6.77,-37.8,91.26,31,5.97,48
US,russell,38.9,-98.86,50,19,16.11,1
BR,sao gabriel da cachoeira,-0.13,-67.09,85.14,79,2.73,44
AU,charters towers,-20.1,146.27,72.27,70,1.39,0
GL,tasiilaq,65.61,-37.64,17.6,52,5.82,0
US,jamestown,42.1,-79.24,48.2,93,12.75,90
AU,deloraine,-41.53,146.67,53.6,71,13.87,48
US,hilo,19.73,-155.09,75.2,64,23.04,20
RU,turukhansk,65.82,87.98,20.61,89,15.26,92
US,san francisco,37.77,-122.42,66.2,16,9.17,1
DE,heidenheim,49.02,10.75,37.4,98,5.82,75
CA,hamilton,43.23,-79.95,46.4,75,20.8,90
,samalaeulu,,,,,,
JP,muroto,33.28,134.15,30.2,80,8.05,20
SL,bonthe,7.53,-12.51,79.33,90,3.51,0
RE,saint-philippe,-21.36,55.77,77,73,3.36,0
PT,vila,42.03,-8.16,41,80,1.12,0
CN,juegang,32.32,121.19,29.97,100,3.96,0
GH,takoradi,4.88,-1.76,82.98,99,6.42,12
LY,awjilah,29.11,21.29,56.34,58,11.34,24
,haapu,,,,,,
PE,yunguyo,-16.25,-69.08,49.23,100,4.85,88
,burica,,,,,,
LY,nalut,31.87,10.98,41.49,94,5.64,20
NO,vardo,70.37,31.11,19.4,92,17.22,0
BR,castelo do piaui,-5.32,-41.55,93.51,25,7.99,24
VU,isangel,-19.55,169.27,75.96,100,8.1,92
NC,koumac,-20.57,164.28,73.44,100,10.56,92
ID,denpasar,-8.65,115.22,82.4,83,8.05,75
CA,manitouwadge,49.12,-85.84,19.4,92,10.29,90
AO,lumeje,-11.55,20.78,68.22,92,4.41,36
PH,dingle,11,122.67,76.14,94,8.66,44
ES,calvia,39.57,2.51,39.2,93,1.12,0
,waw,,,,,,
,tasbuget,,,,,,
BR,vila velha,-20.33,-40.29,77,88,13.87,90
SS,kapoeta,4.77,33.59,77.31,32,9.55,0
CN,fengcheng,40.45,124.07,4.05,63,2.95,32
PY,filadelfia,-22.35,-60.03,79.24,89,8.21,56
EG,matay,28.42,30.78,57.78,91,10.33,0
CD,inongo,-1.95,18.27,71.68,98,3.29,44
NA,rundu,-17.93,19.77,75.2,60,8.05,76
RE,saint-pierre,-21.34,55.48,77,73,3.36,0
,moindou,,,,,,
,halalo,,,,,,
RU,khatanga,71.97,102.5,-18.91,55,15.82,32
DE,bramsche,52.4,7.98,44.6,81,12.75,75
MU,grand gaube,-20.01,57.66,77,78,11.41,40
BR,bela vista,-22.11,-56.52,80.14,95,3.18,56
DE,aue,50.58,12.7,33.8,96,14.99,75
MA,tiznit,29.58,-9.5,35.68,62,2.39,0
FO,klaksvik,62.23,-6.59,41,93,6.93,92
US,nantucket,41.28,-70.1,53.6,81,19.46,90
VE,punta cardon,11.66,-70.22,88.69,55,22.3,8
RU,koshurnikovo,54.17,93.3,15.61,87,0.83,88
AR,ushuaia,-54.8,-68.3,48.2,87,25.28,75
US,albany,42.65,-73.76,53.6,87,10.29,90
,krasnoselkup,,,,,,
CL,constitucion,-35.33,-72.42,59.58,91,5.64,44
US,hoquiam,46.98,-123.89,46.4,70,12.75,1
,ruatoria,,,,,,
,hervey bay,,,,,,
MX,san patricio,19.22,-104.7,84.2,66,11.41,20
NE,maradi,13.5,7.1,67.5,27,10.78,0
CN,chifeng,42.27,118.96,5.44,69,4.97,0
LR,robertsport,6.75,-11.37,82.26,100,6.42,0
PH,alugan,12.22,125.48,78.21,100,2.84,92
BR,castro,-24.79,-50.01,73.17,75,7.65,64
US,virginia beach,36.85,-75.98,68,88,13.87,75
PT,praia da vitoria,38.73,-27.07,66.2,88,17.83,40
RU,muzhi,65.37,64.67,26.59,89,18.5,20
SE,umea,63.83,20.26,19.4,92,2.24,40
CG,impfondo,1.64,18.07,73.48,96,3.62,44
NU,alofi,-19.06,-169.92,80.6,83,4.7,75
ID,bambanglipuro,-7.95,110.28,69.48,99,3.4,20
AO,namibe,-15.2,12.15,71.14,100,1.05,0
RU,nizhniy ufaley,55.92,59.98,27.36,65,7.09,76
CD,kamina,-8.74,24.99,69.75,89,2.62,0
CN,changji,44.02,87.32,23,92,2.24,75
GR,lithakia,37.72,20.83,46.4,61,4.7,20
MX,cabo san lucas,22.89,-109.91,84.2,74,4.7,40
MA,rabat,33.99,-6.84,50,66,2.24,0
US,laguna,38.42,-121.42,68,17,11.41,1
IT,lasa,46.62,10.7,26.6,85,2.24,0
,warqla,,,,,,
RU,poronaysk,49.22,143.12,13.54,100,30.36,76
CK,avarua,-21.21,-159.78,82.4,83,14.99,40
CA,clyde river,70.47,-68.59,6.8,84,28.86,90
BR,rio grande,-32.03,-52.1,71.6,73,14.99,75
PE,macusani,-14.08,-70.43,54.36,100,2.39,88
,sidi qasim,,,,,,
,attawapiskat,,,,,,
RU,kharp,66.8,65.81,16.69,85,5.97,64
RU,anadyr,64.75,177.48,5,84,11.18,0
AU,esperance,-33.87,121.9,61.02,94,12.24,100
MG,beloha,-25.17,45.05,75.06,73,3.74,0
MX,panaba,21.28,-88.27,86.76,49,7.87,32
US,northfield,44.46,-93.16,23,62,24.16,40
US,ionia,42.99,-85.07,33.8,62,31.09,90
PA,meteti,8.5,-77.98,81.54,96,4.07,80
CF,ndele,8.41,20.65,78.12,33,8.77,48
GW,bubaque,11.28,-15.83,82.4,51,2.24,0
TM,dasoguz,41.84,59.97,23,85,16.11,0
NZ,waipawa,-41.41,175.52,62.6,88,12.75,64
,nizhneyansk,,,,,,
NO,mehamn,71.04,27.85,26.6,86,5.82,75
SO,wanlaweyn,2.62,44.89,77.26,57,9.22,0
RU,volsk,52.03,47.38,31.63,96,10.22,92
NA,khorixas,-20.37,14.97,68.44,53,3.06,12
,barentsburg,,,,,,
,marcona,,,,,,
CN,jishou,28.32,109.72,33.66,85,2.73,44
RU,nizhniy baskunchak,48.22,46.83,37.84,95,14.14,92
JP,shingu,33.73,135.98,47.38,100,19.95,0
VN,tay ninh,11.3,106.1,72.94,83,7.99,0
ID,simpang,-1.27,104.08,76.63,92,3.29,80
GB,boddam,57.47,-1.78,51.8,71,11.41,92
CA,aklavik,68.22,-135.01,1.4,84,6.93,20
,kaitangata,,,,,,
,adet,,,,,,
,laiagam,,,,,,
CN,jimo,36.39,120.46,26.6,68,4.47,0
RU,kovdor,67.57,30.48,1.53,68,2.62,48
GL,maniitsoq,65.42,-52.9,25.02,96,18.28,92
OM,sur,22.57,59.53,68.22,100,17.05,0
,tsihombe,,,,,,
RU,lebedinyy,58.52,125.52,-20.71,85,2.73,48
BR,belmonte,-15.86,-38.88,80.6,83,17.22,0
GB,lowestoft,52.48,1.75,44.6,87,8.05,75
AR,comodoro rivadavia,-45.87,-67.5,71.6,49,8.05,0
PG,arawa,-6.21,155.54,83.34,96,3.4,24
CL,lebu,-37.62,-73.65,55.84,95,13.02,64
ZA,knysna,-34.04,23.05,62.6,93,8.05,0
ID,meulaboh,4.14,96.13,79.74,100,12.01,88
RU,birobidzhan,48.8,132.95,-24.49,37,2.17,12
ZA,richards bay,-28.78,32.04,68.4,100,3.85,92
CA,thompson,55.74,-97.86,1.4,77,11.41,75
PF,tevaitoa,-16.78,-151.5,83.38,93,11.68,0
NA,luderitz,-26.65,15.16,57.2,100,10.29,0
ML,tessalit,20.2,1.01,61.83,30,8.21,0
,illoqqortoormiut,,,,,,
UY,chuy,-33.7,-53.46,69.75,71,14.7,0
LY,bardiyah,31.76,25.09,63.45,97,20.62,64
IR,tabas,33.6,56.92,23.31,65,2.51,0
CA,chapais,49.78,-74.85,35.6,93,18.34,90
MV,hithadhoo,-0.6,73.08,80.64,100,10.45,32
AU,kununurra,-15.77,128.73,77,83,3.36,0
PT,ribeira grande,38.52,-28.7,66.2,93,12.75,40
,fort saint james,,,,,,
SJ,longyearbyen,78.22,15.64,21.2,67,11.41,40
,kuche,,,,,,
CN,foshan,23.03,113.13,59,67,4.47,75
DZ,adrar,27.87,-0.29,53.6,40,21.92,0
SO,hobyo,5.35,48.53,77.85,78,17.27,0
,milkovo,,,,,,
AR,junin,-34.58,-60.94,78.61,46,5.97,76
BO,villazon,-22.09,-65.59,59.76,32,7.2,88
MA,marrakesh,31.63,-8.01,55.4,47,3.36,0
NO,visnes,59.36,5.22,48.2,93,27.51,92
US,humboldt,35.82,-88.92,44.6,56,8.05,90
TR,akdagmadeni,39.66,35.88,29.52,99,7.2,92
EC,puerto ayora,-0.74,-90.35,78.8,65,6.93,20
RU,baykit,61.67,96.37,20.34,82,9.66,88
,erenhot,,,,,,
BR,pitimbu,-7.47,-34.81,80.6,78,8.05,40
EC,manta,-0.95,-80.73,78.8,83,18.34,40
PK,zhob,31.34,69.45,9.81,62,2.51,0
AU,port lincoln,-34.73,135.87,56.74,100,3.96,0
ZA,de aar,-30.65,24.01,67.14,42,2.95,88
CA,torbay,47.67,-52.73,32,100,12.75,90
RU,vanavara,60.34,102.28,7.51,81,2.95,80
ET,aksum,14.12,38.72,45.9,90,2.73,0
PH,santa rosa,14.31,121.11,78.8,88,1.12,75
AU,moree,-29.47,149.85,61.2,56,4.97,0
AR,rawson,-43.3,-65.1,78.84,46,19.39,0
GN,tondon,10.37,-13.35,74.43,82,2.95,0
MG,antalaha,-14.9,50.28,74.43,93,9.66,76
IN,ullal,12.8,74.85,75.2,88,6.42,75
,thilogne,,,,,,
NZ,otane,-39.88,176.63,71.86,50,3.85,0
,taolanaro,,,,,,
US,munster,41.56,-87.51,33.8,40,26.4,40
MV,mahibadhoo,3.78,72.97,83.11,99,11.68,36
BR,coruripe,-10.13,-36.18,80.14,94,17.38,0
FR,saint-francois,46.42,3.91,35.6,100,4.7,90
US,kodiak,57.79,-152.41,35.6,100,5.82,90
AU,mount isa,-20.73,139.5,71.6,24,5.82,0
SY,salamiyah,35.01,37.05,47.56,96,9.66,80
MN,hovd,48.01,91.64,-12.07,49,1.72,12
US,roswell,34.02,-84.36,69.8,100,6.76,90
BR,alcantara,-2.41,-44.41,84.2,70,16.11,0
AU,cairns,-16.92,145.77,77,78,2.24,20
,falealupo,,,,,,
,babanusah,,,,,,
RU,dikson,73.51,80.55,-5.05,100,24.2,24
RU,srednekolymsk,67.45,153.68,-11.53,76,2.51,20
BR,matinhos,-25.82,-48.54,71.37,100,5.64,92
GA,mayumba,-3.43,10.66,78.3,98,0.83,92
AU,busselton,-33.65,115.33,60.57,100,11.01,88
KH,kampot,10.62,104.18,72.9,90,6.98,8
AU,alyangula,-13.85,136.42,80.64,100,1.16,0
BR,careiro da varzea,-3.2,-59.81,91.4,59,3.36,40
JP,naze,28.37,129.48,62.19,100,11.79,88
,fort saint john,,,,,,
CA,port hardy,50.7,-127.42,42.8,87,5.82,75
GL,aasiaat,68.71,-52.87,25.69,100,18.16,56
MG,manakara,-22.13,48.02,75.19,96,8.77,68
AR,necochea,-38.55,-58.74,77.26,46,10.22,8
CA,shelburne,44.08,-80.2,44.6,80,16.11,20
RU,bogorodskoye,56.55,37.88,19.89,82,7.31,76
PK,nushki,29.55,66.02,24.88,78,2.28,0
RU,zalesovo,53.99,84.74,13.99,85,4.07,88
ID,sabang,5.89,95.32,81.45,100,4.97,80
,kamenskoye,,,,,,
NE,bilma,18.69,12.92,62.01,46,8.88,0
PE,hualmay,-11.1,-77.61,71.1,69,5.75,20
PW,kloulklubed,7.04,134.26,78.8,94,7.65,75
US,lakeway,30.36,-97.98,57.2,37,11.41,90
NP,pokhara,28.23,83.98,51.03,89,0.6,80
,tumannyy,,,,,,
AR,trelew,-43.25,-65.31,91.53,27,8.77,0
PT,lagoa,39.05,-27.98,67.5,94,18.16,44
EG,asyut,27.18,31.18,57.2,76,6.93,0
AU,port keats,-14.25,129.55,73.84,96,0.83,0
US,ketchikan,55.34,-131.65,48.2,93,13.87,90
CA,normandin,48.83,-72.53,37.4,93,10.29,90
PT,ponta delgada,37.73,-25.67,66.2,93,11.41,40
KZ,kentau,43.52,68.51,13.18,83,2.39,44
MA,agadir,30.42,-9.6,60.8,72,8.05,0
AU,yeppoon,-23.13,150.73,73.4,83,2.24,0
GF,sinnamary,5.38,-52.95,79.11,100,10.45,76
US,ocean city,39.28,-74.57,62.6,87,13.87,20
MM,minbu,20.18,94.88,60.16,97,5.08,0
ZA,cape town,-33.93,18.42,69.8,60,17.22,0
GA,port-gentil,-0.72,8.78,80.6,88,6.93,75
ID,labuhan,-6.88,112.21,84.6,100,9.22,64
,moose factory,,,,,,
PF,rikitea,-23.12,-134.97,77.26,100,6.87,92
BS,marsh harbour,26.54,-77.06,78.61,99,16.26,80
CI,tabou,4.42,-7.35,82.35,100,5.19,0
NZ,hokitika,-42.72,170.97,66.46,84,2.39,36
BR,pires do rio,-17.3,-48.28,70.92,100,5.53,24
,uch,,,,,,
EC,puerto baquerizo moreno,-0.9,-89.6,75.2,78,14.99,75
RU,pangody,65.85,74.49,24.48,94,19.17,92
ZA,port alfred,-33.59,26.89,65.34,100,16.49,92
IN,ratnagiri,16.98,73.3,74.56,100,8.21,68
CA,tuktoyaktuk,69.45,-133.04,3.2,91,4.7,40
CV,sao filipe,14.9,-24.5,77.22,93,15.48,0
AU,mount gambier,-37.83,140.77,55.93,94,3.51,24
IR,khash,28.22,61.22,12.46,42,2.73,0
MN,darhan,49.49,105.92,9.54,75,3.74,88
CN,ninghai,29.29,121.42,32,67,2.24,0
,pousat,,,,,,
AO,caxito,-8.58,13.66,78.8,78,5.82,75
SD,umm kaddadah,13.6,26.69,64.26,45,9.22,0
BR,ararangua,-28.93,-49.49,71.41,93,15.93,92
AU,hobart,-42.88,147.33,55.4,76,5.82,75
ZA,port elizabeth,-33.92,25.57,64.4,88,9.17,40
CN,anshun,26.25,105.93,42.43,97,10.22,92
AU,ulladulla,-35.35,150.47,62.6,82,10.29,90
KI,butaritari,3.07,172.79,80.41,100,8.77,80
,sentyabrskiy,,,,,,
SD,doka,13.52,35.77,74.11,24,9.66,0
ID,muncar,-8.43,114.33,80.68,95,4.74,88
DE,minden,52.28,8.92,44.6,81,16.11,90
MG,ampanihy,-24.7,44.75,70.56,89,2.84,0
PT,peniche,39.36,-9.38,48.2,61,5.82,0
UA,kerch,45.36,36.48,40.81,100,15.7,64
PE,iquitos,-3.75,-73.25,75.2,94,4.7,90
TM,gazojak,41.19,61.4,21.46,100,12.57,0
CN,aksu,41.12,80.26,7.06,60,2.51,0
RU,chokurdakh,70.63,147.92,17.55,84,10.78,80
LY,hun,29.13,15.95,48.87,81,8.21,48
PE,tinyahuarco,-10.75,-76.3,47.61,100,1.95,88
PH,sulangan,11.14,123.72,80.23,100,4.97,68
RU,kholodnyy,62.72,147.95,-27.28,38,2.62,12
ES,santa lucia,27.91,-15.54,64.4,45,8.05,0
,palabuhanratu,,,,,,
CD,matadi,-5.82,13.45,77.22,87,7.09,32
US,lompoc,34.64,-120.46,69.8,6,3.36,1
EG,marsa matruh,31.35,27.25,59,77,13.87,0
RU,talnakh,69.49,88.4,2.16,86,4.41,80
GL,narsaq,60.92,-46.05,15.8,56,3.36,0
ID,pemangkat,1.17,108.97,76.59,95,1.83,20
IN,alangulam,8.87,77.5,69.84,99,1.95,76
,henties bay,,,,,,
BZ,san ignacio,17.16,-89.07,81.9,67,5.19,92
GL,ilulissat,69.22,-51.1,21.2,34,23.04,40
SE,norrtalje,59.76,18.7,28.4,86,11.41,0
,grand river south east,,,,,,
IT,siderno,38.28,16.3,55.4,50,6.93,20
KZ,khromtau,50.25,58.43,14.67,81,14.47,0
,grimari,,,,,,
CA,esterhazy,50.65,-102.08,9.13,73,13.69,48
,tucuman,,,,,,
ZA,saldanha,-33.01,17.94,73.4,46,13.87,0
BR,caravelas,-17.71,-39.25,79.74,98,7.99,92
GL,upernavik,72.79,-56.15,25.33,100,12.24,48
,vaitupu,,,,,,
SA,abha,18.22,42.51,51.8,37,3.74,0
PE,pisco,-13.7,-76.22,69.8,77,6.93,75
PL,zgorzelec,51.15,15.01,35.55,95,15.48,92
MU,mahebourg,-20.41,57.7,77,78,11.41,40
US,salinas,36.68,-121.66,64.4,18,5.82,1
RU,severo-kurilsk,50.68,156.12,27.9,100,21.07,92
AU,port hedland,-20.32,118.57,80.6,78,2.24,48
RU,budogoshch,59.28,32.47,28.93,90,5.53,76
RU,tommot,58.96,126.29,-20.8,85,2.73,44
TR,malatya,38.5,38,37.4,100,6.93,90
BR,cidreira,-30.18,-50.21,70.29,90,18.72,80
MX,ixtapa,20.7,-105.2,82.4,65,9.17,20
,satitoa,,,,,,
,khonuu,,,,,,
NZ,dunedin,-45.87,170.5,63.81,75,3.96,68
US,saint george,37.1,-113.58,48.2,19,4.7,1
,amderma,,,,,,
CL,coquimbo,-29.95,-71.34,66.2,59,9.17,0
AU,gatton,-27.55,152.28,68,64,3.36,20
SO,eyl,7.98,49.82,77.71,88,21.07,0
CA,pangnirtung,66.15,-65.71,17.6,67,13.87,90
US,clearwater,27.97,-82.8,82.4,51,4.18,20
,mullaitivu,,,,,,
TC,cockburn town,21.46,-71.14,77.13,100,25.43,44
BR,gurupi,-11.73,-49.07,87.43,60,2.39,0
,airai,,,,,,
TZ,mhango,-3.28,32.85,65.83,97,2.28,20
CN,yumen,40.28,97.2,14.4,80,7.65,56
PF,faanui,-16.48,-151.75,83.29,96,12.12,0
ML,taoudenni,22.68,-3.98,60.34,25,13.91,0
RU,ozernovskiy,51.5,156.52,16.38,100,10.45,68
RU,petropavlovsk-kamchatskiy,53.05,158.65,-2.21,70,4.47,36
US,fairbanks,64.84,-147.72,19.4,92,10.29,75
AU,yulara,-25.24,130.99,73.4,25,5.82,90
RU,leningradskiy,69.38,178.42,15.79,85,15.03,20
,yaan,,,,,,
CA,burgeo,47.62,-57.62,36,100,14.25,0
MX,tenango del aire,19.17,-98.85,82.4,24,8.05,40
MM,pyay,18.82,95.22,71.41,78,3.62,88
NC,tadine,-21.55,167.88,77.58,93,9.22,88
ML,koulikoro,12.86,-7.56,69.8,30,3.36,0
BR,sao joao da barra,-21.64,-41.05,75.2,78,16.11,75
NO,inndyr,67.03,14.03,37.4,100,11.41,40
SB,kirakira,-10.45,161.92,79.29,100,18.05,88
CN,korla,41.76,86.15,8.01,72,2.95,0
AU,kiama,-34.68,150.87,62.6,82,10.29,90
PG,port moresby,-9.44,147.18,83.07,95,10.78,8
PH,marawi,8,124.29,67.14,94,1.95,20
BR,maceio,-9.67,-35.74,78.8,78,11.41,0
CL,coihaique,-45.58,-72.07,75.2,33,9.17,0
SR,marienburg,5.85,-55.02,80.6,88,17.05,40
GB,brae,60.4,-1.35,50,93,20.8,92
PG,kokoda,-8.88,147.74,63.99,94,0.83,8
GB,stornoway,58.21,-6.39,53.6,93,21.92,92
PT,lata,40.16,-8.33,44.6,75,3.36,0
MY,kuantan,3.81,103.33,73.4,100,3.18,75
AR,san carlos de bariloche,-41.15,-71.31,82.4,14,19.46,20
,rawannawi,,,,,,
MZ,cuamba,-14.8,36.54,70.38,88,2.84,36
CA,vancouver,49.25,-123.12,42.8,70,10.29,20
VE,san cristobal,7.77,-72.22,89.6,52,5.82,20
CO,puerto colombia,10.99,-74.95,86,79,16.11,75
BR,olinda,-8.01,-34.86,80.6,74,8.05,20
GB,margate,51.38,1.39,46.4,75,9.17,90
,do rud,,,,,,
VU,luganville,-15.53,167.17,78.8,94,5.82,90
CA,sioux lookout,50.1,-91.92,8.6,78,16.11,90
AU,new norfolk,-42.78,147.06,55.4,76,5.82,75
JP,gushikawa,26.35,127.87,60.8,76,6.93,1
CO,mitu,1.2,-70.17,85.99,76,2.73,20
,nikolskoye,,,,,,
FR,la seyne-sur-mer,43.1,5.88,44.6,87,8.05,75
GF,grand-santi,4.25,-54.38,77.94,88,3.18,92
SB,buala,-8.14,159.59,81.81,96,3.96,0
CA,fort nelson,58.81,-122.7,33.8,59,5.82,20
RU,polunochnoye,60.87,60.42,28.08,84,9.44,80
IN,porbandar,21.64,69.61,68.13,97,14.47,88
UY,rocha,-34.48,-54.33,71.59,53,11.68,0
MZ,inhambane,-23.86,35.38,75.73,96,9.66,88
ML,gao,16.27,-0.04,70.96,36,8.66,76
,bargal,,,,,,
CN,fuyu,45.18,124.82,-7.75,62,6.08,12
MV,ugoofaaru,5.67,73,82.84,100,10.78,8
CO,miraflores,1.34,-71.95,82.89,80,2.95,24
ZA,hermanus,-34.42,19.23,64.62,67,11.23,0
BR,conde,-7.26,-34.91,80.6,78,8.05,40
RO,targusor,44.45,28.42,33.8,100,8.05,20
IN,tura,25.52,90.22,55.44,85,2.17,0
US,clarksdale,34.2,-90.57,46.4,87,10.29,1
RU,zhigansk,66.77,123.37,-38.53,80,4.85,64
US,troy,42.61,-83.15,41,38,19.46,75
SS,yambio,4.57,28.4,68.04,86,2.73,0
ID,pringsewu,-5.36,104.97,73.53,91,2.06,48
DO,pedernales,18.04,-71.74,86,74,16.11,75
NZ,kaeo,-35.1,173.78,71.64,63,11.01,0
NG,katsina,12.99,7.6,65.16,29,8.77,0
IN,kolaras,25.23,77.6,60.16,63,2.95,92
RU,teya,60.38,92.63,20.07,81,6.64,80
MU,souillac,-20.52,57.52,77,78,11.41,40
US,catalina foothills,32.3,-110.92,62.6,56,6.93,20
CN,hami,42.8,93.45,16.92,71,3.06,80
RU,inta,66.03,60.17,31.32,86,7.65,88
CA,victoria,48.43,-123.37,42.8,75,8.05,40
PG,kerema,-7.96,145.78,72.31,100,1.83,92
AU,moranbah,-22,148.05,70.33,45,6.53,0
ID,bontang,0.13,117.5,79.24,100,2.17,48
